feature,importance
rf_ratio,0.19309320260498936
recency_days,0.14203030675434045
engagement,0.12899904982658633
cart_abandonment_rate,0.11359910769059428
email_open_rate,0.0844498784927726
monetary,0.07450585387638137
discount_dependency,0.05853416294607828
sentiment_score,0.05775833337809553
page_views_30d,0.05619067668446465
frequency,0.05602553405848913
support_tickets_30d,0.034813893687207935
